batch_start,batch_end,source,content,type,prompt_tokens,completion_tokens
0,9,user,"目前正在處理第 0 至 9 筆資料（共 10 筆）。
以下為該批次食物熱量數據:
[{'food_id': 1, 'name': '雞胸肉', 'calories': 165, 'protein': 31.0, 'fat': 3.6, 'carbs': 0}, {'food_id': 2, 'name': '飯', 'calories': 130, 'protein': 2.7, 'fat': 0.3, 'carbs': 28}, {'food_id': 3, 'name': '蘋果', 'calories': 52, 'protein': 0.3, 'fat': 0.2, 'carbs': 14}, {'food_id': 4, 'name': '牛排', 'calories': 250, 'protein': 26.0, 'fat': 17.0, 'carbs': 0}, {'food_id': 5, 'name': '牛奶', 'calories': 42, 'protein': 3.4, 'fat': 1.0, 'carbs': 5}, {'food_id': 6, 'name': '漢堡', 'calories': 295, 'protein': 17.0, 'fat': 14.0, 'carbs': 27}, {'food_id': 7, 'name': '可樂', 'calories': 150, 'protein': 0.0, 'fat': 0.0, 'carbs': 41}, {'food_id': 8, 'name': '香蕉', 'calories': 105, 'protein': 1.3, 'fat': 0.3, 'carbs': 27}, {'food_id': 9, 'name': '沙拉', 'calories': 33, 'protein': 2.2, 'fat': 0.1, 'carbs': 7}, {'food_id': 10, 'name': '炸薯條', 'calories': 365, 'protein': 3.4, 'fat': 17.0, 'carbs': 42}]

請根據以上數據提供健康建議，包括：
  1. 熱量是否超標，哪些食物需要適量攝取；
  2. 根據蛋白質、脂肪、碳水化合物比例，建議如何調整飲食；
  3. 搜尋最新的健康飲食建議，並整合進回覆中；
  4. 最後提供具體的飲食調整建議和參考資料。
",TextMessage,,
0,9,data_agent,"好的，根據您提供的食物熱量數據，我將為您提供健康飲食建議：

**1. 熱量是否超標及食物攝取建議：**

首先，判斷熱量是否超標需要知道您的個人資訊，例如：年齡、性別、身高、體重和活動量。這些因素會影響您每日所需的熱量。假設您是一位每日需要攝取約 2000 大卡的成年人，那麼以上 10 種食物的總熱量為 1597 大卡，看似沒有超標。然而，這僅僅是 10 種食物，且並未考慮其他飲食。

以下食物建議適量攝取：

*   **牛排、漢堡、炸薯條：** 這些食物熱量和脂肪含量相對較高，應適量攝取，避免過量。
*   **可樂：** 主要成分是糖，熱量高且營養價值低，應盡量避免。

**2. 蛋白質、脂肪、碳水化合物比例調整建議：**

一般健康的飲食比例建議為：

*   蛋白質：10-35%
*   脂肪：20-35%
*   碳水化合物：45-65%

根據您提供的數據，我們可以計算出這 10 種食物的總蛋白質、脂肪和碳水化合物含量：

*   總蛋白質：90.6 克
*   總脂肪：53.5 克
*   總碳水化合物：241 克

假設每日攝取 2000 大卡，那麼：

*   蛋白質應攝取 50-175 克 (200-700 大卡)
*   脂肪應攝取 44-78 克 (400-700 大卡)
*   碳水化合物應攝取 225-325 克 (900-1300 大卡)

從數據來看，目前蛋白質攝取可能略有不足，脂肪和碳水化合物則相對較高。

**建議調整：**

*   **增加蛋白質攝取：** 可以增加雞胸肉、牛排的攝取量，或者考慮其他高蛋白食物，如魚、豆類、乳製品等。
*   **減少脂肪攝取：** 選擇較瘦的肉類，減少油炸食物的攝取，使用健康的烹調方式（如蒸、煮、烤）。
*   **調整碳水化合物來源：** 選擇複合碳水化合物，如全穀類、蔬菜、水果，減少精緻澱粉和糖的攝取。

**3. 最新健康飲食建議：**

*   **地中海飲食：** 強調多攝取蔬菜、水果、全穀類、豆類、堅果、橄欖油，適量攝取魚類和家禽，少量攝取紅肉。
*   **得舒飲食 (DASH Diet)：** 旨在降低血壓，強調多攝取蔬菜、水果、低脂乳製品，限制鈉、飽和脂肪和膽固醇的攝取。
*   **多樣化飲食：** 確保攝取各種不同的食物，以獲得全面的營養。
*   **注意飲食時間：** 避免暴飲暴食，規律進食，晚餐不宜過晚或過於豐盛。
*   **限制加工食品：** 盡量選擇天然、未加工的食物，減少添加劑的攝取。

**4. 具體飲食調整建議和參考資料：**

**調整建議範例：**

*   **早餐：** 可以選擇全麥麵包搭配雞蛋和牛奶，或者燕麥粥搭配水果和堅果。
*   **午餐：** 可以選擇雞胸肉沙拉或糙米飯搭配蔬菜和魚。
*   **晚餐：** 可以選擇烤魚搭配蔬菜或豆腐煲。
*   **點心：** 可以選擇水果、堅果或優格。

**參考資料：**

*   **美國農業部 (USDA) 飲食指南：** 提供了全面的飲食建議，包括不同年齡層和族群的需求。
    *   [https://www.dietaryguidelines.gov/](https://www.dietaryguidelines.gov/)
*   **哈佛大學公共衛生學院：** 提供了許多關於健康飲食的文章和資源。
    *   [https://www.hsph.harvard.edu/nutritionsource/](https://www.hsph.harvard.edu/nutritionsource/)
*   **世界衛生組織 (WHO)：** 提供了全球健康飲食的建議。
    *   [https://www.who.int/news-room/fact-sheets/detail/healthy-diet](https://www.who.int/news-room/fact-sheets/detail/healthy-diet)
*   **台灣衛生福利部國民健康署：** 提供台灣本土化的飲食建議。
    *   [https://www.hpa.gov.tw/Home/Index.aspx](https://www.hpa.gov.tw/Home/Index.aspx)

**重要提醒：**

以上建議僅供參考，最好的方式是諮詢專業的營養師或醫師，根據您的個人狀況制定最適合您的飲食計畫。",TextMessage,604.0,1152.0
0,9,assistant,"好的，我將參考搜尋結果頁面上的建議來更新我的健康飲食建議。

根據 Bing 搜尋結果（“healthy eating advice - 搜尋”），我擷取了以下建議：

*   **減少食用室溫下呈固體的脂肪，以減少飲食中飽和脂肪的攝取。**
*   **食用堅果（和種子）作為健康蛋白質和健康脂肪的來源。**
*   **在加鹽之前品嚐食物。**
*   **每週準備一次午餐。**
*   **每天吃五份（或更多）蔬菜和水果。**
*   **計劃愉快、美味和健康的膳食。**
*   **均衡飲食，包括每天不同種類的營養素。**
*   **食用富含蛋白質、纖維、健康脂肪、維生素和礦物質等營養素的食物。這些食物包括蔬菜、水果、堅果、種子、豆類、多脂魚和雞蛋。**

**更新後的健康飲食建議：**

結合先前的建議和最新的網路搜尋結果，我更新後的建議如下：

1.  **熱量控制：**
    *   注意每日熱量攝取，依據個人情況調整。
    *   適量攝取高熱量、高脂肪食物（如牛排、漢堡、炸薯條）。
    *   盡量避免含糖飲料（如可樂）。

2.  **營養均衡：**
    *   確保攝取足夠的蛋白質（雞胸肉、魚、豆類、雞蛋）。
    *   選擇健康的脂肪來源（堅果、種子、酪梨、橄欖油）。
    *   以複合碳水化合物為主（全穀類、蔬菜、水果），減少精緻澱粉和糖的攝取。
    *   每天攝取五份或更多的蔬菜和水果。

3.  **飲食習慣：**
    *   規律進食，避免暴飲暴食。
    *   晚餐不宜過晚或過於豐盛。
    *   自己準備午餐，確保飲食健康。
    *   減少食用室溫下呈固體的脂肪（如動物性脂肪、棕櫚油），選擇不飽和脂肪。
    *   在加鹽之前品嚐食物，減少鈉的攝取。

4.  **食物選擇：**
    *   盡量選擇天然、未加工的食物。
    *   選擇多樣化的食物，確保獲得全面的營養。
    *   多食用富含營養素的食物，如蔬菜、水果、堅果、種子、豆類、多脂魚和雞蛋。

**調整建議範例：**

*   **早餐：** 燕麥粥（搭配水果、堅果、少量蜂蜜）或全麥三明治（雞蛋、蔬菜）。
*   **午餐：** 自製便當（糙米飯、烤魚或雞胸肉、多種蔬菜）。
*   **晚餐：** 蔬菜豆腐煲或烤鮭魚（搭配烤蔬菜）。
*   **點心：** 水果、原味優格、少量堅果。

**參考資料：**

*   **美國農業部 (USDA) 飲食指南：** [https://www.dietaryguidelines.gov/](https://www.dietaryguidelines.gov/)
*   **哈佛大學公共衛生學院：** [https://www.hsph.harvard.edu/nutritionsource/](https://www.hsph.harvard.edu/nutritionsource/)
*   **世界衛生組織 (WHO)：** [https://www.who.int/news-room/fact-sheets/detail/healthy-diet](https://www.who.int/news-room/fact-sheets/detail/healthy-diet)
*   **台灣衛生福利部國民健康署：** [https://www.hpa.gov.tw/Home/Index.aspx](https://www.hpa.gov.tw/Home/Index.aspx)
*   **Bing 搜尋結果 (""healthy eating advice - 搜尋"")**: 提供額外的健康飲食建議。

**重要提醒：**

以上建議僅供參考。 為了更客觀評估您的狀況並給予最適合的飲食建議，請諮詢專業營養師或醫師。
TERMINATE
",TextMessage,4706.0,938.0
0,9,user_proxy,3高的食物是什麼,TextMessage,,
0,9,data_agent,"“三高”通常指的是高血壓、高血糖（糖尿病）和高血脂。因此，會導致“三高”風險增加的食物，大致可歸類如下：

**1. 高血壓相關食物：**

*   **高鈉食物：**
    *   加工食品：如罐頭、泡麵、香腸、火腿、煙燻肉等，含有大量的鈉。
    *   醃製食物：如醬菜、豆腐乳、鹹魚、榨菜等。
    *   高鹽調味料：如醬油、味精、蠔油、沙茶醬、豆瓣醬等。
    *   零食：洋芋片、餅乾等，許多都含有高鈉。

*   **飽和脂肪和反式脂肪含量高的食物：**
    *   油炸食物：炸雞、薯條、油條等。
    *   肥肉、動物內臟。
    *   酥皮點心、糕餅。

**2. 高血糖（糖尿病）相關食物：**

*   **高升糖指數 (GI) 食物：**
    *   精製澱粉：白米飯、白麵包、麵條、饅頭、餅乾等，容易快速升高血糖。
    *   含糖飲料：汽水、果汁、手搖飲等，含有大量糖分，會快速升高血糖。
    *   甜點、糕餅、糖果：含有大量精製糖和脂肪。
    *   部分水果：西瓜、荔枝等，GI值較高，應適量攝取。

*   **高脂肪食物：**
    *   脂肪會影響胰島素的敏感性，長期攝取過多高脂食物可能導致胰島素阻抗。

**3. 高血脂相關食物：**

*   **飽和脂肪和反式脂肪含量高的食物：**（同高血壓）
    *   油炸食物、肥肉、動物內臟、酥皮點心等。這些脂肪容易增加血液中低密度脂蛋白膽固醇 (LDL-C，俗稱「壞膽固醇」)。

*   **膽固醇含量高的食物：**
    *   動物內臟（如肝、腦、腰子）。
    *   蛋黃（適量攝取即可，不需完全避免）。
    *   海鮮（如蝦卵、蟹黃、花枝）。

*   **過多的精製碳水化合物：**
    *   過多的精製糖和澱粉也會轉化為三酸甘油酯，導致血脂升高。

**總結：**

要預防或控制“三高”，應盡量避免或減少攝取以上列出的食物，並保持均衡飲食、規律運動、維持理想體重。另外，定期健康檢查，諮詢醫師或營養師的專業意見，以獲得更個人化的飲食建議非常重要。
",TextMessage,5648.0,635.0
0,9,web_surfer,"Okay, I understand. You've provided a detailed list of foods that can increase the risk of developing hyperlipidemia, hypertension, and hyperglycemia (the ""three highs""). You've categorized these foods by the specific condition they exacerbate and offered a summary emphasizing prevention, control, and the importance of professional consultation.

Now, what would you like me to do with this information? Are you asking me a question about it, or would you like me to search for more information about specific foods or dietary recommendations for managing these conditions?
",TextMessage,7259.0,109.0
0,9,assistant,"You are absolutely right. I was providing information.

Please disregard the previous prompt and assume I am asking a follow-up question:

Of the foods you listed, which single food item or type of food is most detrimental to overall health (considering all three ""highs"")? Explain your reasoning.
",TextMessage,6392.0,62.0
0,9,user_proxy,我的資料中熱量前三高的食物,TextMessage,,
0,9,data_agent,"根據您提供的原始數據（第 0 至 9 筆資料）：

```
[{'food_id': 1, 'name': '雞胸肉', 'calories': 165, 'protein': 31.0, 'fat': 3.6, 'carbs': 0}, {'food_id': 2, 'name': '飯', 'calories': 130, 'protein': 2.7, 'fat': 0.3, 'carbs': 28}, {'food_id': 3, 'name': '蘋果', 'calories': 52, 'protein': 0.3, 'fat': 0.2, 'carbs': 14}, {'food_id': 4, 'name': '牛排', 'calories': 250, 'protein': 26.0, 'fat': 17.0, 'carbs': 0}, {'food_id': 5, 'name': '牛奶', 'calories': 42, 'protein': 3.4, 'fat': 1.0, 'carbs': 5}, {'food_id': 6, 'name': '漢堡', 'calories': 295, 'protein': 17.0, 'fat': 14.0, 'carbs': 27}, {'food_id': 7, 'name': '可樂', 'calories': 150, 'protein': 0.0, 'fat': 0.0, 'carbs': 41}, {'food_id': 8, 'name': '香蕉', 'calories': 105, 'protein': 1.3, 'fat': 0.3, 'carbs': 27}, {'food_id': 9, 'name': '沙拉', 'calories': 33, 'protein': 2.2, 'fat': 0.1, 'carbs': 7}, {'food_id': 10, 'name': '炸薯條', 'calories': 365, 'protein': 3.4, 'fat': 17.0, 'carbs': 42}]
```

熱量前三高的食物依序為：

1.  **炸薯條：365 大卡**
2.  **漢堡：295 大卡**
3.  **牛排：250 大卡**

因此，根據您提供的數據，炸薯條、漢堡和牛排是熱量最高的三種食物。
",TextMessage,6463.0,567.0
0,9,web_surfer,"OK.
",TextMessage,7226.0,3.0
0,9,assistant,"Great! Is there anything else I can help you with regarding this data or any other topic?
TERMINATE
",TextMessage,7033.0,23.0
0,9,user_proxy,謝謝妳,TextMessage,,
0,9,data_agent,"不客氣！很高興能為您服務。如果您還有其他問題，隨時都可以提出。
TERMINATE
",TextMessage,7058.0,24.0
0,9,web_surfer,"OK. Since I cannot fulfill that request, I will terminate.
",TextMessage,6683.0,14.0
0,9,assistant,"Understood. TERMINATE
",TextMessage,7096.0,5.0
0,9,user_proxy,exit,TextMessage,,
